{
    "a": 0.08157026228938684,
    "b": 0.024839326037866944,
    "c": 0.03348966475594928,
    "d": 0.04102831335765156,
    "e": 0.10453361125586243,
    "f": 0.01948931735278791,
    "g": 0.02358867465693938,
    "h": 0.02827861733541775,
    "i": 0.05530658328990794,
    "j": 0.0030918881361820393,
    "k": 0.0207052284175786,
    "l": 0.05509814139308668,
    "m": 0.029286086503387182,
    "n": 0.044641306235886746,
    "o": 0.06652770540211916,
    "p": 0.03317700191071739,
    "q": 0.001841236755254473,
    "r": 0.06635400382143478,
    "s": 0.10536737884314747,
    "t": 0.0550634010769498,
    "u": 0.03783220427305888,
    "v": 0.011047420531526837,
    "w": 0.017543859649122806,
    "x": 0.004828903943025881,
    "y": 0.030779920097272886,
    "z": 0.004689942678478374
}