{
    "0": {
        "a": 0.05141566788257773,
        "b": 0.07503908285565399,
        "c": 0.07642869550112906,
        "d": 0.05402119159284349,
        "e": 0.022407503908285567,
        "f": 0.055237102657634186,
        "g": 0.0484627410109432,
        "h": 0.04151467778356783,
        "i": 0.012853916970644433,
        "j": 0.012680215389960049,
        "k": 0.015806843842278966,
        "l": 0.04707312836546813,
        "m": 0.0517630710439465,
        "n": 0.02049678652075734,
        "o": 0.018759770713913496,
        "p": 0.06704881014417231,
        "q": 0.006774361646690985,
        "r": 0.04655202362341497,
        "s": 0.12575994441549418,
        "t": 0.06531179433732846,
        "u": 0.013027618551328817,
        "v": 0.01893347229459788,
        "w": 0.039603960396039604,
        "x": 0.000694806322737537,
        "y": 0.008163974292166058,
        "z": 0.004168837936425221
    },
    "1": {
        "a": 0.16154247003647734,
        "b": 0.005558450581900296,
        "c": 0.014243529616119507,
        "d": 0.0074691679694285215,
        "e": 0.1146430432516936,
        "f": 0.0020844189682126106,
        "g": 0.004168837936425221,
        "h": 0.04707312836546813,
        "i": 0.11690116380059058,
        "j": 0.000694806322737537,
        "k": 0.005037345839847143,
        "l": 0.06253256904637833,
        "m": 0.01233281222859128,
        "n": 0.02918186555497655,
        "o": 0.15824214000347403,
        "p": 0.019628278617335418,
        "q": 0.0017370158068438423,
        "r": 0.07920792079207921,
        "s": 0.006948063227375369,
        "t": 0.021191592843494877,
        "u": 0.09275664408546118,
        "v": 0.004689942678478374,
        "w": 0.014069828035435123,
        "x": 0.005732152162584679,
        "y": 0.011290602744484974,
        "z": 0.0010422094841063053
    },
    "2": {
        "a": 0.10508945631405246,
        "b": 0.022233802327601183,
        "c": 0.0319610908459267,
        "d": 0.030918881361820392,
        "e": 0.06895952753170054,
        "f": 0.015112037519541427,
        "g": 0.024144519715129407,
        "h": 0.006774361646690985,
        "i": 0.08963001563314227,
        "j": 0.001389612645475074,
        "k": 0.015633142261594582,
        "l": 0.06739621330554108,
        "m": 0.036303630363036306,
        "n": 0.07121764808059754,
        "o": 0.08407156505124197,
        "p": 0.029355567135660933,
        "q": 0.000694806322737537,
        "r": 0.08250825082508251,
        "s": 0.04307799200972729,
        "t": 0.04863644259162758,
        "u": 0.05436859475421226,
        "v": 0.021017891262810492,
        "w": 0.017022754907069653,
        "x": 0.011638005905853743,
        "y": 0.011811707486538127,
        "z": 0.00903248219558798
    },
    "3": {
        "a": 0.058884835852006254,
        "b": 0.017196456487754037,
        "c": 0.03647733194372069,
        "d": 0.03786694458919576,
        "e": 0.21330554108042382,
        "f": 0.01737015806843842,
        "g": 0.030571478200451623,
        "h": 0.012680215389960049,
        "i": 0.04933124891436512,
        "j": 0.000694806322737537,
        "k": 0.042209484106305366,
        "l": 0.06340107694980024,
        "m": 0.03265589716866423,
        "n": 0.06704881014417231,
        "o": 0.045509814139308664,
        "p": 0.034045509814139306,
        "q": 0.0,
        "r": 0.05384749001215911,
        "s": 0.044641306235886746,
        "t": 0.07764460656591975,
        "u": 0.02675004342539517,
        "v": 0.010595796421747438,
        "w": 0.012159110647906896,
        "x": 0.0008685079034219212,
        "y": 0.007121764808059754,
        "z": 0.007121764808059754
    },
    "4": {
        "a": 0.030918881361820392,
        "b": 0.004168837936425221,
        "c": 0.008337675872850442,
        "d": 0.0748653812749696,
        "e": 0.10335244050720861,
        "f": 0.007642869550112906,
        "g": 0.010595796421747438,
        "h": 0.03335070349140177,
        "i": 0.007816571130797291,
        "j": 0.0,
        "k": 0.024839326037866944,
        "l": 0.03508771929824561,
        "m": 0.013375021712697586,
        "n": 0.03526142087893,
        "o": 0.026055237102657634,
        "p": 0.015806843842278966,
        "q": 0.0,
        "r": 0.06965433385443807,
        "s": 0.3064095883272538,
        "t": 0.06253256904637833,
        "u": 0.002258120548896995,
        "v": 0.0,
        "w": 0.004863644259162758,
        "x": 0.005211047420531527,
        "y": 0.11551155115511551,
        "z": 0.0020844189682126106
    }
}